City_ID,City,Lat,Lng,Max Temp,Humidity,Cloudiness,Wind Speed,Country,Date
0,adamstown,-25.066,-130.1015,22.32,74,89,12.38,PN,1713771336
1,puerto ayora,-0.7393,-90.3518,24.19,99,80,1.34,EC,1713771347
2,margaret river,-33.95,115.0667,18.03,42,10,7.88,AU,1713770933
3,segou,13.4317,-6.2157,30.77,46,37,7.43,ML,1713771367
4,remire-montjoly,4.9167,-52.2667,25.02,94,75,1.03,GF,1713771377
5,whitehorse,60.7161,-135.0538,4.43,48,20,4.12,CA,1713771388
6,ansalta,42.6894,46.1178,13.19,77,83,1.95,RU,1713771403
7,merced,37.1666,-120.7516,19.05,73,0,1.46,US,1713771414
8,port-aux-francais,-49.35,70.2167,5.22,81,8,11.67,TF,1713771424
9,longyearbyen,78.2186,15.6401,3.91,65,75,5.66,SJ,1713771434
10,jamestown,42.097,-79.2353,2.62,87,0,3.09,US,1713771444
11,arraial do cabo,-22.9661,-42.0278,21.91,79,0,6.36,BR,1713771455
12,al ghayzah,16.2079,52.176,30.98,56,9,5.02,YE,1713771465
13,waitangi,-43.9535,-176.5597,10.46,79,4,3.13,NZ,1713771475
14,papatowai,-46.5619,169.4708,9.4,69,80,5.82,NZ,1713771486
15,papao,-17.75,-149.55,25.82,80,47,1.88,PF,1713771496
16,lobva,59.1854,60.5185,13.96,51,19,2.13,RU,1713771506
17,paraiso,9.8383,-83.8656,19.68,100,75,0.55,CR,1713771516
18,sao felix do xingu,-6.6447,-51.995,22.02,99,84,0.53,BR,1713771527
19,bethel,41.3712,-73.414,5.27,72,0,1.82,US,1713771537
20,mopti,14.6667,-4.0,32.02,43,20,6.17,ML,1713771547
21,acarau,-2.8856,-40.12,24.94,91,100,3.88,BR,1713771558
22,enewetak,11.3474,162.3373,27.92,77,26,7.59,MH,1713771568
23,ancud,-41.8697,-73.8203,8.12,85,100,2.42,CL,1713771578
24,olonkinbyen,70.9221,-8.7187,-1.83,56,0,11.66,SJ,1713771589
25,georgetown,5.4112,100.3354,32.97,62,20,5.14,MY,1713771377
26,hermanus,-34.4187,19.2345,17.86,70,64,1.61,ZA,1713771609
27,mount gambier,-37.8333,140.7667,13.2,64,26,1.83,AU,1713771467
28,ushuaia,-54.8,-68.3,4.81,75,0,2.57,AR,1713771445
29,surovikino,48.6078,42.8486,17.37,39,0,5.23,RU,1713771640
30,el tigre,8.8875,-64.2454,23.59,75,55,5.71,VE,1713771661
31,bilibino,68.0546,166.4372,-11.36,82,81,1.08,RU,1713771677
32,puerto baquerizo moreno,-0.9,-89.6,23.74,92,59,4.83,EC,1713771688
33,ilulissat,69.2167,-51.1,2.01,75,100,2.57,GL,1713771698
34,bani walid,31.7566,13.9942,18.69,65,100,5.21,LY,1713771709
35,mutuali,-14.8706,37.0044,27.43,55,4,0.68,MZ,1713771719
36,grytviken,-54.2811,-36.5092,0.42,82,100,7.07,GS,1713771729
37,fallon,39.4735,-118.7774,11.93,43,0,4.12,US,1713771739
38,lebu,-37.6167,-73.65,11.47,83,100,5.79,CL,1713771750
39,hawaiian paradise park,19.5933,-154.9731,20.73,96,100,4.63,US,1713771760
40,saipan,15.1355,145.701,30.39,66,20,7.2,MP,1713771770
41,badger,64.8,-147.5333,7.93,43,0,3.6,US,1713771781
42,jaguarao,-32.5661,-53.3758,18.5,93,100,4.92,BR,1713771791
43,bardai,11.65,7.2333,29.83,48,100,6.08,NG,1713771801
44,santa cruz,-17.8,-63.1667,23.7,94,40,2.57,BO,1713771812
45,carbonear,47.7332,-53.2148,3.01,93,100,0.88,CA,1713771823
46,wailua homesteads,22.0669,-159.378,22.44,75,75,9.77,US,1713771833
47,al hufuf,25.3646,49.5653,35.19,20,0,6.17,SA,1713771844
48,machico,32.7,-16.7667,18.89,77,40,3.6,PT,1713771854
49,saint-denis,48.9167,2.3333,7.64,78,75,5.66,FR,1713771864
50,cabedelo,-6.9811,-34.8339,25.37,87,98,2.88,BR,1713771752
51,ranot,7.7777,100.3213,31.51,67,93,5.72,TH,1713771778
52,puerto natales,-51.7236,-72.4875,0.96,91,97,1.86,CL,1713771895
53,talnakh,69.4865,88.3972,-13.77,78,97,1.0,RU,1713771906
54,ishigaki,24.3448,124.1572,30.07,74,75,6.69,JP,1713771916
55,sur,22.5667,59.5289,31.26,49,0,1.91,OM,1713771626
56,emkhomazi,-30.2067,30.7978,24.67,68,67,1.12,ZA,1713771939
57,west island,-12.1568,96.8225,29.99,74,100,8.75,CC,1713771919
58,emerald,-23.5333,148.1667,25.19,48,48,9.3,AU,1713771720
59,edinburgh of the seven seas,-37.0676,-12.3116,16.87,90,34,8.72,SH,1713771971
60,avarua,-21.2078,-159.775,25.03,83,20,3.09,CK,1713771981
61,fale old settlement,-9.3852,-171.2468,29.58,76,10,3.07,TK,1713772003
62,iqaluit,63.7506,-68.5145,-19.15,78,0,1.03,CA,1713772014
63,blackmans bay,-43.0167,147.3167,15.85,72,100,0.53,AU,1713772024
64,souillac,-20.5167,57.5167,31.86,74,40,5.66,MU,1713772034
65,rio gallegos,-51.6226,-69.2181,3.03,75,0,7.2,AR,1713771746
66,ust-nera,64.5667,143.2,0.39,90,85,1.62,RU,1713772066
67,dubbo,-32.25,148.6167,20.07,52,0,4.12,AU,1713772080
68,aras-asan,8.8908,126.3033,29.57,71,100,3.15,PH,1713772097
69,chonchi,-42.6128,-73.8092,6.18,88,100,0.13,CL,1713772107
70,madison,34.7334,-86.5667,6.88,77,0,1.79,US,1713772118
71,kodinsk,58.6881,99.1844,1.36,82,100,3.78,RU,1713772128
72,erenhot,43.6475,111.9767,12.35,22,100,7.46,CN,1713772138
73,gotsucho,35.0,132.2167,14.84,89,100,3.35,JP,1713772149
74,alaghsas,17.0187,8.0168,30.94,40,9,7.2,NE,1713772159
75,bubaque,11.2833,-15.8333,24.34,69,25,3.22,GW,1713772169
76,albany,42.6001,-73.9662,3.15,73,6,3.79,US,1713772180
77,stanley,54.868,-1.6985,6.82,96,75,1.03,GB,1713772190
78,thompson,55.7435,-97.8558,-1.91,46,40,1.54,CA,1713772201
79,geraldton,-28.7667,114.6,24.23,60,40,13.38,AU,1713772211
80,umba,66.6871,34.3429,-6.61,83,100,4.59,RU,1713772221
81,tutoia,-2.7619,-42.2744,24.59,91,85,1.76,BR,1713772231
82,shira,54.4911,89.9531,5.1,77,100,6.9,RU,1713772241
83,tura,25.5198,90.2201,37.85,12,91,4.78,IN,1713772127
84,nizhneudinsk,54.9076,99.0276,4.77,80,100,2.38,RU,1713771975
85,bredasdorp,-34.5322,20.0403,19.8,62,9,2.94,ZA,1713772272
86,gadzhiyevo,69.2551,33.3362,-8.38,68,2,9.22,RU,1713772282
87,gandajika,-6.75,23.95,27.01,66,5,1.85,CD,1713772293
88,belmonte,-15.8631,-38.8828,23.8,92,66,3.58,BR,1713772303
89,queenstown,-31.8976,26.8753,25.66,28,100,8.81,ZA,1713772090
90,sinabang,2.4803,96.3801,29.63,77,100,2.88,ID,1713772323
91,dzhankoy,45.7167,34.4,17.14,44,100,4.3,UA,1713772334
92,cadale,2.7603,46.3222,31.21,57,100,2.41,SO,1713772344
93,tatsinskiy,48.1968,41.2756,16.69,42,0,4.19,RU,1713772354
94,cidreira,-30.1811,-50.2056,19.58,81,100,1.45,BR,1713772364
95,yellowknife,62.456,-114.3525,2.29,84,20,1.03,CA,1713772375
96,port mathurin,-19.6833,63.4167,26.93,80,50,6.35,MU,1713772396
97,tadine,-21.55,167.8833,23.99,92,100,9.1,NC,1713772406
98,avanigadda,16.0215,80.9181,35.53,32,13,5.58,IN,1713772416
99,kapuskasing,49.4169,-82.4331,-9.0,67,75,2.57,CA,1713772427
100,fort st. john,56.2499,-120.8529,7.94,49,75,7.72,CA,1713772437
101,san francisco,37.7749,-122.4194,16.84,84,0,2.57,US,1713772442
102,vakarai,55.6035,23.8213,0.29,100,100,7.93,LT,1713772457
103,port alfred,-33.5906,26.891,23.75,85,78,7.36,ZA,1713772478
104,calvinia,-31.4707,19.776,16.47,58,100,2.12,ZA,1713772488
105,kindu,-2.95,25.95,31.1,56,53,1.78,CD,1713772499
106,margate,51.3813,1.3862,8.82,67,15,4.02,GB,1713772509
107,yulinshi,38.2906,109.7494,20.26,12,100,8.99,CN,1713772519
108,cimitarra,6.3142,-73.9497,23.27,98,100,0.49,CO,1713772529
109,port elizabeth,-33.918,25.5701,20.05,88,75,11.32,ZA,1713772292
110,mhamid,29.82,-5.72,19.58,36,0,6.88,MA,1713772551
111,fort stockton,30.894,-102.8793,13.98,66,99,2.84,US,1713772562
112,copiapo,-27.3667,-70.3333,12.83,88,30,0.49,CL,1713772583
113,atafu village,-8.5421,-172.5159,29.76,72,54,3.58,TK,1713772593
114,petropavlovsk-kamchatsky,53.0452,158.6483,7.33,46,0,4.0,RU,1713772315
115,tiksi,71.6872,128.8694,-4.5,95,100,7.44,RU,1713772614
116,babai,22.7,77.9333,36.45,22,100,3.41,IN,1713772624
117,tromso,69.6496,18.957,0.01,43,0,7.2,NO,1713772634
118,carnarvon,-24.8667,113.6333,27.39,43,58,8.39,AU,1713772645
119,thal,35.4791,72.2439,14.85,59,99,2.18,PK,1713772655
120,abu dhabi,24.4667,54.3667,33.06,33,0,2.57,AE,1713772419
121,wuchang,44.9143,127.15,19.38,45,100,2.79,CN,1713772675
122,ketchikan,55.3422,-131.6461,7.26,93,100,3.6,US,1713772686
123,choibalsan,48.0667,114.5,9.87,37,100,7.44,MN,1713772696
124,mogoytuy,51.2833,114.9167,6.85,70,100,6.25,RU,1713772706
125,flin flon,54.7682,-101.865,-0.46,96,98,3.66,CA,1713772716
126,camarinas,43.1311,-9.1817,12.74,63,5,10.37,ES,1713772727
127,karatuzskoye,53.6072,92.8667,2.43,46,100,0.89,RU,1713772737
128,tabou,4.423,-7.3528,26.65,87,97,2.5,CI,1713772747
129,mangai,-4.05,19.5333,30.86,55,94,2.16,CD,1713772757
130,st. paul,44.9444,-93.0933,8.85,47,0,0.89,US,1713772768
131,conduaga,8.862,117.4893,29.66,66,97,0.46,PH,1713772778
132,trujillo,-8.116,-79.03,18.98,88,75,2.06,PE,1713772788
133,tsiombe,-25.3,45.4833,28.55,40,0,1.5,MG,1713772798
134,invercargill,-46.4,168.35,10.57,74,81,4.02,NZ,1713772800
135,hirara,24.8,125.2833,25.89,85,99,6.18,JP,1713772819
136,sandnessjoen,66.0217,12.6316,4.12,24,0,3.6,NO,1713772829
137,liwale,-9.7667,37.9333,26.76,66,24,3.48,TZ,1713772835
138,holualoa,19.6228,-155.9522,20.31,82,78,0.61,US,1713772850
139,broome,42.2506,-75.833,2.34,74,6,1.34,US,1713772860
140,belyy yar,53.6039,91.3903,13.94,54,40,4.0,RU,1713772871
141,port lincoln,-34.7333,135.8667,19.06,46,29,0.91,AU,1713772881
142,la sarre,48.8002,-79.1996,-10.57,86,21,1.81,CA,1713772892
143,klaksvik,62.2266,-6.589,8.51,78,18,3.72,FO,1713772871
144,kasongo-lunda,-6.4667,16.8167,27.4,75,31,1.6,CD,1713772913
145,aasiaat,68.7098,-52.8699,-1.06,94,100,4.15,GL,1713772923
146,codrington,-38.2667,141.9667,12.22,80,9,2.02,AU,1713772934
147,tazovsky,67.4667,78.7,-12.66,83,100,5.42,RU,1713772944
148,tomatlan,19.9333,-105.25,19.14,75,0,0.61,MX,1713772955
149,guerrero negro,27.9769,-114.0611,14.99,90,0,3.94,MX,1713772965
150,beroroha,-21.6667,45.1667,33.07,35,0,0.9,MG,1713772976
151,borodino,55.9106,94.8983,2.98,88,99,7.65,RU,1713772986
152,gordon,34.5004,-84.8666,7.86,76,0,2.06,US,1713772829
153,abra pampa,-22.7205,-65.697,11.6,30,3,2.99,AR,1713773007
154,nago,26.5881,127.9761,26.92,88,100,2.29,JP,1713772986
155,majalengka,-6.8361,108.2278,30.72,69,91,2.04,ID,1713773028
156,taveta,-3.3963,37.6736,25.73,70,93,3.11,KE,1713773038
157,khor,47.8861,134.9464,14.74,42,13,4.65,RU,1713773048
158,hohhot,40.8106,111.6522,16.06,11,99,12.21,CN,1713772915
159,udachny,66.4167,112.4,1.92,100,100,1.0,RU,1713773069
160,tomohon,1.3346,124.8392,24.52,83,88,1.02,ID,1713773079
161,vilyuchinsk,52.9306,158.4028,6.15,80,24,1.69,RU,1713773090
162,nikolayevsk-on-amure,53.1406,140.73,2.9,76,69,1.34,RU,1713773101
163,kerikeri,-35.2268,173.9474,14.39,87,0,2.63,NZ,1713773111
164,xinyuan,37.3,99.0,8.6,11,77,6.53,CN,1713773122
165,rio grande,-32.035,-52.0986,20.08,81,100,4.09,BR,1713773132
166,fort mcmurray,56.7268,-111.381,4.73,38,0,3.09,CA,1713773146
167,abaza,52.655,90.0928,9.65,83,100,4.69,RU,1713773157
168,uturoa,-16.7333,-151.4333,28.49,72,3,0.46,PF,1713773167
169,hanzhong,33.0728,107.0303,25.97,41,100,1.27,CN,1713772974
170,constantia,44.1833,28.65,12.61,79,58,9.01,RO,1713773188
171,bima,-8.4667,118.7167,26.55,94,100,0.89,ID,1713773198
172,okha,53.5739,142.9478,-0.42,95,46,4.92,RU,1713773209
173,rivne,50.6231,26.2274,7.82,67,100,6.15,UA,1713773219
174,neryungri,56.6709,124.6491,0.66,99,100,1.98,RU,1713773229
175,saint-francois,46.4154,3.9054,4.69,82,75,5.14,FR,1713773240
176,bouar,5.934,15.596,24.53,68,100,2.67,CF,1713773250
177,ugoofaaru,5.6667,73.0,30.14,76,100,5.4,MV,1713773197
178,puerto aysen,-45.4,-72.7,-0.67,96,98,0.62,CL,1713773271
179,mount pearl,47.5166,-52.7813,1.75,96,75,2.57,CA,1713773281
180,axim,4.8699,-2.2405,28.53,80,100,1.99,GH,1713773016
181,shingu,33.7333,135.9833,16.97,92,100,3.53,JP,1713773302
182,hamilton,39.1834,-84.5333,4.32,84,0,2.06,US,1713773145
183,lompoc,34.6391,-120.4579,13.34,87,100,0.89,US,1713773322
184,taoudenni,22.6783,-3.9836,28.44,12,0,5.07,ML,1713773333
185,vanino,49.0869,140.2543,6.07,72,35,3.6,RU,1713773343
186,tolanaro,-25.0319,46.9987,25.55,66,0,1.72,MG,1713773353
187,al wajh,26.2455,36.4525,31.97,29,0,5.14,SA,1713773364
188,yanykurgan,43.915,67.2481,28.22,17,90,0.85,KZ,1713773383
189,port-cartier,50.0334,-66.8654,0.97,86,100,8.17,CA,1713773394
190,kaa-khem,51.6833,94.7333,1.89,89,100,1.58,RU,1713773409
191,concepcion,-36.827,-73.0498,11.46,92,97,4.54,CL,1713773324
192,ad dabbah,18.05,30.95,36.14,12,0,7.63,SD,1713773429
193,sitka,57.0531,-135.33,7.94,71,100,4.12,US,1713773440
194,haiku-pauwela,20.9219,-156.3051,22.36,85,100,7.2,US,1713773450
195,lihue,21.9789,-159.3672,22.77,69,20,9.77,US,1713773460
196,castillos,-34.1667,-53.8333,17.67,96,100,4.38,UY,1713773471
197,kristiansund,63.1115,7.732,6.36,45,0,2.06,NO,1713773481
198,hithadhoo,-0.6,73.0833,29.49,69,100,0.95,MV,1713773491
199,qaqortoq,60.7167,-46.0333,-1.09,84,98,1.87,GL,1713773503
200,bam,29.106,58.357,28.97,18,33,3.54,IR,1713773514
201,nantucket,41.2835,-70.0995,7.06,61,0,4.63,US,1713773524
202,cromer,52.9312,1.2989,9.35,86,100,1.34,GB,1713773535
203,pathein,16.7833,94.7333,35.77,42,5,6.69,MM,1713773545
204,falmouth,50.1544,-5.0711,11.56,90,40,1.03,GB,1713773555
205,phan thiet,10.9333,108.1,32.05,53,58,5.3,VN,1713773521
206,thinadhoo,0.5333,72.9333,29.64,70,100,2.09,MV,1713773087
207,dudinka,69.4058,86.1778,-13.51,88,99,0.89,RU,1713773586
208,mount isa,-20.7333,139.5,26.87,34,0,3.6,AU,1713773597
209,gewane,10.1664,40.6453,31.41,48,82,2.55,ET,1713773607
210,merizo village,13.2658,144.6691,29.31,83,27,7.02,GU,1713773618
211,lazaro cardenas,17.9583,-102.2,22.79,86,17,1.28,MX,1713773628
212,afaahiti,-17.75,-149.2833,24.93,84,84,5.89,PF,1713773638
213,crane,31.3974,-102.3501,11.16,65,100,4.09,US,1713773660
214,adrar,20.5022,-10.0711,23.3,20,8,5.68,MR,1713773670
215,kenai,60.5544,-151.2583,2.83,98,100,4.63,US,1713773680
216,iskateley,67.6803,53.1512,-9.43,90,97,1.79,RU,1713773691
217,port hedland,-20.3167,118.5667,30.03,37,0,6.17,AU,1713773413
218,akrehamn,59.2667,5.1833,7.45,49,0,1.54,NO,1713773711
219,novyy urgal,51.0736,132.5642,16.8,37,92,4.78,RU,1713773722
220,gwanda,-20.9333,29.0,26.38,26,0,2.77,ZW,1713773663
221,portland,45.5234,-122.6762,9.49,75,0,3.09,US,1713773674
222,bhimunipatnam,17.8833,83.4333,38.73,57,99,8.7,IN,1713773766
223,east london,-33.0153,27.9116,22.52,94,75,5.14,ZA,1713773710
224,colonia,50.9333,6.95,8.43,76,0,1.54,DE,1713773672
225,raja,8.4596,25.678,35.81,31,5,2.69,SS,1713773526
226,apodi,-5.6642,-37.7989,23.8,92,24,2.65,BR,1713773649
227,bom jardim,-7.7958,-35.5872,21.8,97,90,0.76,BR,1713773817
228,cannonvale,-20.2833,148.7,23.66,80,95,9.6,AU,1713773827
229,pandan,14.0453,124.1694,29.51,73,31,5.26,PH,1713773848
230,ta`u,-14.2336,-169.5144,28.58,80,33,6.66,AS,1713773859
231,zykovo,55.9519,93.1461,5.34,80,99,6.05,RU,1713773869
232,san pedro pochutla,15.7333,-96.4667,24.97,67,12,0.91,MX,1713773879
233,calbuco,-41.768,-73.1273,7.56,91,100,2.21,CL,1713773897
234,justiniano posse,-32.8841,-62.6779,20.51,97,100,2.07,AR,1713773908
235,laojunmiao,39.8333,97.7333,13.32,16,6,4.1,CN,1713773918
236,omerli,37.4022,40.9541,20.24,31,0,1.61,TR,1713773928
237,lapeer,43.0514,-83.3188,2.75,83,0,3.09,US,1713773939
238,mendefera,14.8872,38.8153,24.99,12,100,2.82,ER,1713773949
239,kibiya,11.5263,8.6623,31.31,43,65,6.74,NG,1713773959
240,alofi,-19.0595,-169.9187,23.94,88,100,1.54,NU,1713773970
241,rongelap,11.1635,166.8941,27.77,72,100,8.28,MH,1713773980
242,nyurba,63.2842,118.3319,1.53,100,100,1.39,RU,1713773991
243,roussillon,45.373,4.8073,5.23,70,100,6.81,FR,1713774001
244,at taj,24.2049,23.2857,33.68,11,37,9.52,LY,1713774018
245,yelizovo,53.1873,158.3805,6.08,68,0,3.0,RU,1713774029
246,totness,5.8833,-56.3167,25.84,84,83,3.08,SR,1713773882
247,samraong,12.4526,105.5873,41.53,22,67,2.52,KH,1713774049
248,jelenia gora,50.8997,15.729,4.79,60,91,2.65,PL,1713774060
249,anadyr,64.75,177.4833,-8.72,72,0,3.0,RU,1713774070
250,ushibukamachi,32.1906,130.0228,16.88,92,100,0.63,JP,1713774080
251,flying fish cove,-10.4217,105.6791,27.82,89,100,5.14,CX,1713774090
252,utrik,11.2278,169.8474,28.0,75,100,7.79,MH,1713774101
253,twon-brass,4.3151,6.2418,29.68,76,65,4.14,NG,1713774111
254,pokhara,28.2333,83.9833,36.02,10,1,4.42,NP,1713773852
255,ulladulla,-35.35,150.4667,15.98,84,0,4.26,AU,1713774131
256,sijunjung,-0.6876,100.9537,29.99,80,94,0.54,ID,1713773846
257,el calafate,-50.3408,-72.2768,1.81,76,8,2.62,AR,1713774152
258,benisheikh,11.8072,12.4909,34.46,36,97,4.14,NG,1713774162
259,coquimbo,-29.9533,-71.3436,16.85,77,100,2.06,CL,1713774183
260,yuzhno-kurilsk,44.0306,145.8556,2.43,97,100,5.51,RU,1713774194
261,namibe,-15.1961,12.1522,27.54,61,39,1.0,AO,1713774204
262,itamaraca,-7.7478,-34.8256,26.03,87,74,1.77,BR,1713774214
263,weno,7.4515,151.8468,27.97,83,100,4.12,FM,1713774225
264,kushiro,42.975,144.3747,9.53,61,75,6.17,JP,1713774235
265,ewo,-0.8725,14.8206,31.02,59,70,1.28,CG,1713774245
266,klyuchi,52.2667,79.1667,18.78,22,16,7.69,RU,1713774256
267,kyshtovka,56.555,76.6271,5.75,85,91,5.36,RU,1713774266
268,ambodifotatra,-16.9833,49.85,26.65,83,18,4.22,MG,1713774276
269,bor,56.3567,44.0669,13.96,69,100,5.97,RU,1713774286
270,taroa,8.7058,171.2275,27.9,86,79,7.79,MH,1713774297
271,yinchuan,38.4681,106.2731,19.03,13,0,9.43,CN,1713774314
272,menongue,-14.6585,17.691,24.99,42,0,3.3,AO,1713774325
273,melchor de mencos,17.0686,-89.1522,24.0,88,0,0.0,GT,1713774335
274,ji'an,27.1172,114.9793,21.87,80,100,1.06,CN,1713774346
275,kodiak,57.79,-152.4072,3.73,87,100,2.57,US,1713774357
276,hadibu,12.65,54.0333,30.3,62,96,2.77,YE,1713774369
277,yima,34.7381,111.8839,25.49,42,100,2.66,CN,1713774379
278,porto seguro,-16.4497,-39.0647,22.29,100,75,2.06,BR,1713774390
279,luderitz,-26.6481,15.1594,21.58,54,12,3.11,NA,1713774411
280,kharp,66.8014,65.8081,-14.05,80,94,6.4,RU,1713774421
281,nova sintra,14.8667,-24.7167,19.33,71,91,7.14,CV,1713774432
282,ribeira grande,38.5167,-28.7,15.99,77,75,4.02,PT,1713774322
283,troitsk,54.0979,61.5773,21.24,52,80,4.07,RU,1713774452
284,fortuna,40.5982,-124.1573,7.59,100,0,3.6,US,1713774462
285,changzhou,31.7833,119.9667,22.53,55,100,2.47,CN,1713774473
286,deschutes river woods,43.9915,-121.3584,4.27,62,100,3.6,US,1713774483
287,jindabyne,-36.4167,148.6333,13.11,50,0,1.45,AU,1713774493
288,mamers,48.3333,0.25,7.48,73,6,4.85,FR,1713774504
289,tianpeng,30.9866,103.9393,24.26,49,20,3.01,CN,1713774514
290,la romana,18.4273,-68.9728,23.25,89,2,3.46,DO,1713774524
291,valparaiso,-33.0393,-71.6273,16.8,72,75,2.06,CL,1713774534
292,baise city,23.8997,106.6133,27.41,99,93,2.09,CN,1713774545
293,sisimiut,66.9395,-53.6735,-0.56,87,100,2.32,GL,1713774555
294,giddings,30.1827,-96.9364,11.34,74,54,2.94,US,1713774565
295,dunedin,-45.8742,170.5036,9.33,73,11,4.02,NZ,1713774541
296,freetown,8.484,-13.2299,25.84,73,75,2.57,SL,1713774586
297,vorkuta,67.5,64.0,-11.08,85,100,4.85,RU,1713774596
298,inirida,3.8653,-67.9239,23.76,98,100,0.68,CO,1713774607
299,pont rouge,48.8833,-72.0825,-10.84,45,59,6.3,CA,1713774617
300,faya-largeau,17.9257,19.1043,36.94,6,1,6.17,TD,1713774628
301,chui,-33.6971,-53.4616,18.37,94,100,5.01,UY,1713774600
302,vadso,70.0744,29.7487,-4.91,68,40,7.2,NO,1713774648
303,sidi okba,34.7451,5.8983,19.16,45,27,2.06,DZ,1713774658
304,fort bragg,35.139,-79.006,9.08,91,100,2.57,US,1713774674
305,callao,-12.0667,-77.15,23.73,78,75,2.57,PE,1713774685
306,saldanha,-33.0117,17.9442,17.03,84,100,4.89,ZA,1713774695
307,yerofey pavlovich,53.9667,121.9667,2.36,97,100,3.19,RU,1713774705
308,berehomet,48.1788,25.3486,6.62,80,100,1.73,UA,1713774716
309,mogocha,53.7333,119.7667,1.83,98,100,2.31,RU,1713774726
310,edea,3.8,10.1333,32.55,62,82,1.34,CM,1713774736
311,selsey,50.735,-0.7898,9.63,74,99,4.37,GB,1713774746
312,pariaman,-0.619,100.12,32.03,80,82,2.63,ID,1713774757
313,lospalos,-8.5186,127.0025,24.09,81,100,3.16,TL,1713774767
314,tamanrasset,22.785,5.5228,25.95,11,0,6.17,DZ,1713774777
315,kailua-kona,19.6406,-155.9956,24.98,82,40,0.45,US,1713774789
316,trincomalee,8.5711,81.2335,29.97,75,8,7.12,LK,1713774800
317,rouissat,31.9243,5.3502,17.04,63,0,8.23,DZ,1713774810
318,rio verde de mato grosso,-18.9181,-54.8442,22.31,74,4,2.82,BR,1713774820
319,lerwick,60.1545,-1.1494,9.0,75,100,6.27,GB,1713774830
320,new norfolk,-42.7826,147.0587,15.4,84,100,1.25,AU,1713774841
321,isafjordur,66.0755,-23.124,5.02,75,0,3.09,IS,1713774851
322,uglegorsk,49.0833,142.0333,3.66,92,94,2.4,RU,1713774861
323,moshkovo,55.3053,83.6104,9.28,53,99,6.92,RU,1713774871
324,chenab nagar,31.7541,72.92,33.36,20,82,5.07,PK,1713774893
325,port saint john's,-31.6229,29.5448,25.61,77,100,2.65,ZA,1713774903
326,shache,38.4167,77.2406,27.53,9,78,4.42,CN,1713774915
327,impfondo,1.6381,18.0667,33.64,43,93,1.54,CG,1713774926
328,charlottetown,46.2352,-63.1267,3.76,89,40,5.66,CA,1713774934
329,la'ie,21.6477,-157.9253,23.66,75,30,5.81,US,1713774948
330,niafunke,15.9322,-3.9906,36.22,23,15,7.45,ML,1713774958
331,christchurch,-43.5333,172.6333,10.3,75,100,2.06,NZ,1713774932
332,pong nam ron,12.9058,102.2623,35.12,45,27,4.31,TH,1713774811
333,hasaki,35.7333,140.8333,18.22,70,94,5.53,JP,1713774989
334,karakoyunlu,39.8704,43.6301,16.89,32,6,0.35,TR,1713774999
335,tralee,52.2704,-9.7026,8.14,100,100,0.51,IE,1713775010
336,fremont,37.5483,-121.9886,17.18,78,0,0.0,US,1713775031
337,bukama,-9.2,25.85,29.88,58,6,1.42,CD,1713775041
338,bel ombre,-4.6167,55.4167,27.91,83,40,2.06,SC,1713775052
339,campo ramon,-27.4611,-55.019,17.13,80,97,1.13,AR,1713775062
340,toliara,-23.35,43.6667,30.29,43,0,4.07,MG,1713775073
341,tual,-5.6667,132.75,29.1,75,100,3.96,ID,1713775094
342,beli,7.8587,10.9719,31.93,57,65,1.06,NG,1713775104
343,college,64.8569,-147.8028,7.97,49,20,2.57,US,1713775114
344,siwa oasis,29.2041,25.5195,31.02,12,100,8.21,EG,1713775125
345,wawarsing,41.759,-74.3574,2.91,78,3,2.3,US,1713775135
346,pauri,30.15,78.7833,29.46,15,50,6.65,IN,1713775146
347,nar'yan-mar,67.6713,53.087,-9.38,90,93,1.79,RU,1713775156
348,conde,-7.2597,-34.9075,24.7,100,40,0.0,BR,1713775167
349,vila franca do campo,37.7167,-25.4333,18.27,99,100,1.81,PT,1713775177
350,punta arenas,-53.15,-70.9167,6.06,75,75,9.26,CL,1713774792
351,holdrege,40.4403,-99.3698,8.04,69,0,6.69,US,1713775198
352,gornopravdinsk,60.05,69.9,-0.69,75,100,5.86,RU,1713775208
353,sengkang,-4.1279,120.0297,29.09,80,100,0.54,ID,1713775218
354,chahal guatemala,15.75,-89.5667,22.46,99,42,0.4,GT,1713775228
355,santiago de cao,-7.9589,-79.2392,19.07,88,75,3.09,PE,1713775239
356,severo-yeniseyskiy,60.3725,93.0408,-2.46,91,100,3.58,RU,1713775249
357,acajutla,13.5928,-89.8275,27.23,80,43,1.19,SV,1713775152
358,taro,-8.3862,115.28,25.0,97,100,0.91,ID,1713775270
359,totoras,-32.5844,-61.1685,19.13,99,100,3.36,AR,1713775281
360,phongsali,21.6833,102.1058,31.51,22,97,2.24,LA,1713775291
361,keflavik,64.0049,-22.5624,7.24,76,75,0.0,IS,1713775254
362,coahuayana de hidalgo,18.7,-103.6583,21.15,82,1,1.19,MX,1713775312
363,argo,37.6333,22.7333,19.44,58,98,2.74,GR,1713775322
364,greymouth,-42.4667,171.2,10.07,88,0,1.82,NZ,1713775205
365,saint-pierre,-21.3393,55.4781,28.99,74,0,2.57,RE,1713775231
366,isiro,2.7739,27.616,32.85,34,15,2.19,CD,1713775353
367,buala,-8.145,159.5921,27.86,80,100,0.46,SB,1713775363
368,quellon,-43.1167,-73.6167,7.72,87,100,1.51,CL,1713775313
369,pisco,-13.7,-76.2167,22.03,83,100,0.51,PE,1713775384
370,al khums,32.6486,14.2619,18.4,79,100,4.23,LY,1713775394
371,teruel,40.6667,-0.6667,4.47,34,2,10.18,ES,1713775278
372,zalari,53.5584,102.5065,7.54,51,100,3.32,RU,1713775414
373,tangier,35.7806,-5.8137,18.58,88,0,2.57,MA,1713775230
374,kone,-21.0595,164.8658,24.54,91,100,2.27,NC,1713775435
375,ceeldheer,3.8488,47.1806,32.97,51,97,0.99,SO,1713775445
376,al bayda',32.7627,21.7551,26.6,22,99,17.35,LY,1713775454
377,mchinji,-13.7984,32.8802,24.96,50,0,1.93,MW,1713775466
378,magadan,59.5667,150.8,-2.12,94,53,1.33,RU,1713775323
379,egilsstadir,65.2653,-14.3948,4.95,52,0,1.54,IS,1713775486
380,cuatro cienegas de carranza,26.9833,-102.0833,13.87,88,100,1.97,MX,1713775496
381,happy valley-goose bay,53.3168,-60.3315,1.17,100,75,1.03,CA,1713775507
382,chibougamau,49.9168,-74.3659,-17.21,71,0,2.06,CA,1713775517
383,hami,42.8,93.45,24.37,10,3,2.25,CN,1713775497
384,majie,25.0333,102.6361,23.99,31,75,8.0,CN,1713775548
385,labrador city,52.9463,-66.9114,-10.05,79,100,6.69,CA,1713775558
386,chinde,26.8418,88.0763,29.73,21,73,2.56,NP,1713775568
387,al muwayh,22.4333,41.7583,31.23,11,0,6.05,SA,1713775578
388,monte patria,-30.6919,-70.9467,14.43,85,100,0.13,CL,1713775589
389,aykhal,66.0,111.5,-0.24,97,100,3.58,RU,1713775599
390,tanout,14.9709,8.8879,35.85,17,92,6.59,NE,1713775609
391,itoman,26.1247,127.6694,28.21,91,75,6.69,JP,1713775465
392,kili,5.6439,169.1211,28.41,85,100,6.06,MH,1713775631
393,pita,10.8333,-12.5833,30.05,39,96,1.19,GN,1713775642
394,prieska,-29.6641,22.7474,26.76,26,100,6.35,ZA,1713775652
395,afif,23.9065,42.9172,29.31,16,0,7.05,SA,1713775662
396,barcelos,41.5388,-8.6151,18.08,39,0,3.56,PT,1713775673
397,waddan,29.1614,16.139,33.26,9,100,3.62,LY,1713775682
398,mili,6.0815,171.735,28.36,85,100,7.83,MH,1713775693
399,bargaal,11.2864,51.0773,32.45,51,94,4.24,SO,1713775704
400,tucumcari,35.1717,-103.725,8.3,87,0,2.57,US,1713775714
401,princeville,45.7668,-61.2985,4.19,95,100,3.09,CA,1713775724
402,mbamba bay,-11.2833,34.7667,26.45,74,28,3.38,TZ,1713775734
403,gebeit,21.0667,36.3167,33.16,8,0,5.42,SD,1713775745
404,mbanza-ngungu,-5.25,14.8667,28.16,68,87,1.35,CD,1713775709
405,kosh-agach,50.0,88.6667,12.39,25,64,2.24,RU,1713775765
406,edmundston,47.3737,-68.3251,-2.87,74,100,8.75,CA,1713775556
407,gaiman,-43.2897,-65.4929,7.59,68,60,4.43,AR,1713775785
408,scottburgh,-30.2867,30.7532,24.96,72,59,2.22,ZA,1713775548
409,chimoio,-19.1164,33.4833,22.92,68,40,1.4,MZ,1713775806
410,opopeo,19.4,-101.6,13.3,43,1,0.73,MX,1713775816
411,mandali,33.7499,45.5541,30.62,23,100,4.5,IQ,1713775837
412,chonglong,29.7806,104.8522,23.67,60,64,2.4,CN,1713775847
413,salalah,17.0151,54.0924,31.05,66,20,6.17,OM,1713775709
414,nuuk,64.1835,-51.7216,2.34,75,75,11.83,GL,1713775787
415,st. john's,47.5649,-52.7093,2.76,95,75,3.13,CA,1713775878
416,hacienda huancane,-15.8222,-70.8856,4.05,84,79,1.89,PE,1713775889
417,bonthe,7.5264,-12.505,26.69,88,97,3.03,SL,1713775899
418,bom jesus,-9.0744,-44.3586,23.69,84,96,0.25,BR,1713775909
419,bushehr,28.9684,50.8385,36.05,12,0,5.14,IR,1713775920
420,susuman,62.7833,148.1667,-5.95,93,42,0.68,RU,1713775930
421,lent'ekhi,42.7856,42.7261,20.94,34,8,2.39,GE,1713775940
422,alice springs,-23.7,133.8833,21.75,37,99,5.14,AU,1713775950
423,saint-philippe,-21.3585,55.7679,28.77,79,10,0.7,RE,1713775961
424,narasingapuram,13.6167,79.3333,41.38,17,61,4.65,IN,1713775971
425,goz beida,13.95,20.55,38.46,15,15,4.16,TD,1713775981
426,ola,59.5833,151.2833,-2.8,91,36,0.68,RU,1713775992
427,namsos,64.4662,11.4957,4.95,30,0,4.63,NO,1713776002
428,fortaleza,-3.7227,-38.5247,25.68,94,75,2.57,BR,1713776012
429,kismayo,-0.3582,42.5454,29.61,70,100,3.63,SO,1713775808
430,yendi,9.4427,-0.0099,30.49,56,100,3.81,GH,1713776043
431,carupano,10.6678,-63.2585,25.04,86,94,3.46,VE,1713776053
432,belle fourche,44.6714,-103.8522,12.73,82,97,9.51,US,1713776063
433,praia da vitoria,38.7333,-27.0667,16.14,94,75,3.3,PT,1713776074
434,mek'ele,13.4967,39.4753,24.29,40,31,5.3,ET,1713776084
435,cabo san lucas,22.8909,-109.9124,24.73,49,0,0.89,MX,1713776094
436,charters towers,-20.1,146.2667,23.43,48,9,2.59,AU,1713775934
437,assai,-23.3733,-50.8414,18.92,93,0,1.17,BR,1713776115
438,shalqar,47.8333,59.6,27.1,21,0,9.22,KZ,1713776125
439,gornozavodsk,58.3758,58.3211,15.56,36,91,2.32,RU,1713776135
440,tulun,54.5611,100.5792,3.58,90,100,2.77,RU,1713776146
441,antalaha,-14.9003,50.2788,28.83,77,18,4.46,MG,1713776156
442,miles city,46.4083,-105.8406,8.5,39,98,8.76,US,1713776166
443,nemuro,43.3236,145.575,2.41,95,93,5.72,JP,1713776176
444,tanguieta,10.6212,1.2665,29.01,58,100,2.16,BJ,1713776187
445,peace river,56.2501,-117.286,10.36,50,20,7.2,CA,1713776197
446,alta,69.9689,23.2717,-2.12,60,0,7.72,NO,1713776207
447,yaren,-0.5472,166.916,28.94,72,100,3.2,NR,1713776217
448,lesnoy,57.6198,63.0784,15.8,36,99,2.47,RU,1713776228
449,meadow lakes,61.6247,-149.6011,5.14,71,93,0.89,US,1713776238
450,northam,51.0333,-4.2167,10.14,73,97,1.33,GB,1713776248
451,chhuikhadan,21.5333,80.9833,38.56,20,83,1.61,IN,1713776258
452,polyarnyy,69.1989,33.4478,-7.3,65,4,9.65,RU,1713776269
453,cole harbour,44.6724,-63.4751,3.85,91,100,2.24,CA,1713776279
454,mushie,-3.0167,16.9,32.89,53,19,2.19,CD,1713776289
455,boende,-0.2167,20.8667,34.88,42,9,1.44,CD,1713776299
456,pointe aux piments,-20.0628,57.5131,31.39,79,11,4.0,MU,1713776310
457,punta del este,-34.9667,-54.95,16.6,92,100,6.71,UY,1713776320
458,usinsk,65.9939,57.5281,-5.56,71,100,5.22,RU,1713776330
459,rosarito,32.3333,-117.0333,16.38,87,17,1.47,MX,1713776341
460,santa ana,33.7456,-117.8678,16.36,88,100,1.54,US,1713776353
461,nadi,-17.8,177.4167,28.0,78,75,2.06,FJ,1713776374
462,natal,-5.795,-35.2094,25.36,94,20,2.06,BR,1713776312
463,sungailiat,-1.85,106.1333,29.65,78,21,2.88,ID,1713776292
464,beledweyne,4.7358,45.2036,32.43,47,100,1.58,SO,1713776416
465,san andres,12.5847,-81.7006,27.53,76,78,4.07,CO,1713776426
466,lai chau,22.3997,103.4517,31.48,29,97,1.07,VN,1713776437
467,altai,46.3722,96.2583,6.64,25,63,4.35,MN,1713776414
468,jeju city,33.5097,126.5219,17.96,77,75,8.23,KR,1713776235
469,santana,-0.0583,-51.1817,23.59,98,100,0.24,BR,1713776468
470,shengli,37.4564,118.4856,25.97,29,100,4.65,CN,1713776478
471,vilyuysk,63.7553,121.6247,0.56,100,100,3.58,RU,1713776488
472,cockburn town,21.4612,-71.1419,25.17,78,25,7.61,TC,1713776499
473,karakecili,39.5942,33.3778,20.11,26,51,5.22,TR,1713776509
474,les anglais,18.3054,-74.2197,24.39,83,0,1.92,HT,1713776519
475,thunder bay,48.4001,-89.3168,0.8,89,47,0.63,CA,1713776530
476,manokwari,-0.8667,134.0833,28.12,76,31,2.37,ID,1713776540
477,six-fours-les-plages,43.0938,5.84,12.88,50,75,4.02,FR,1713776550
478,superior,46.7208,-92.1041,6.38,49,0,2.06,US,1713776561
479,trinidad,-14.8333,-64.9,23.54,92,98,1.62,BO,1713776571
480,harstad,68.799,16.5293,0.66,54,0,4.6,NO,1713776581
481,fonte boa,-2.4959,-66.2662,22.96,99,100,0.89,BR,1713776592
482,balykchy,42.4557,76.1861,17.03,46,28,1.41,KG,1713776602
483,campo gallo,-26.5833,-62.85,23.72,88,74,2.1,AR,1713776612
484,alamosa,37.4695,-105.87,-1.01,80,0,0.0,US,1713776623
485,la passe,45.5549,-0.8967,10.79,63,0,4.95,FR,1713776633
486,ocean shores,46.9737,-124.1563,7.23,82,0,1.54,US,1713776643
487,kayenta,36.7278,-110.2546,15.62,21,1,3.61,US,1713776653
488,pacocha,-17.5833,-71.3333,20.4,86,99,1.5,PE,1713776664
489,fengxiang,47.5833,130.8333,17.45,36,99,5.93,CN,1713776674
490,sosnovka,56.255,51.2842,21.39,54,92,5.18,RU,1713776684
491,ulsteinvik,62.3432,5.8487,8.84,60,99,1.34,NO,1713776695
492,berdigestyakh,62.0989,126.6992,1.47,100,100,3.32,RU,1713776705
493,portalegre,39.2938,-7.4312,16.04,39,83,2.74,PT,1713776715
494,port blair,11.6667,92.75,33.02,62,20,2.06,IN,1713776663
495,bikenibeu village,1.3673,173.1241,28.98,84,40,3.09,KI,1713776736
496,baoro,5.6667,15.9667,24.51,76,100,2.72,CF,1713776746
497,neftcala,39.3742,49.2472,19.84,64,80,7.21,AZ,1713776756
498,al hazm,16.1641,44.7769,32.57,26,45,2.38,YE,1713776777
499,badr hunayn,23.7829,38.7905,37.84,9,0,5.18,SA,1713776787
500,agat village,13.3886,144.6585,28.53,79,0,4.63,GU,1713776797
501,san antonio de pale,-1.4014,5.6325,29.35,76,100,2.32,GQ,1713776808
502,rodolfo sanchez taboada,31.7167,-116.5667,15.06,80,15,0.79,MX,1713776818
503,soavinandriana,-19.1667,46.7333,25.57,43,0,1.93,MG,1713776829
504,cuito,-12.3833,16.9333,22.58,52,22,3.79,AO,1713776839
505,yamada,39.4667,141.95,8.77,87,65,3.12,JP,1713776849
506,maralal,1.0968,36.698,20.49,68,88,0.82,KE,1713776860
507,sogndal,61.2283,7.1003,6.21,41,0,2.06,NO,1713776870
508,pacific grove,36.6177,-121.9166,12.59,91,0,2.06,US,1713776891
509,adolfo lopez mateos,28.4667,-107.3,8.85,91,19,3.05,MX,1713776902
510,ciudad lazaro cardenas,17.9583,-102.2,22.65,87,25,1.57,MX,1713776912
511,copala,16.65,-98.9833,25.12,60,31,1.37,MX,1713776922
512,ilhabela,-23.7781,-45.3581,20.36,81,0,1.2,BR,1713776945
513,ballina,-28.8667,153.5667,18.77,77,81,6.06,AU,1713776956
514,opuwo,-18.0607,13.84,29.34,25,20,5.52,NA,1713776967
515,tabas,33.5959,56.9244,31.52,15,50,2.27,IR,1713776977
516,mogadishu,2.0371,45.3438,30.08,64,83,3.97,SO,1713776694
517,lorengau,-2.0226,147.2712,28.39,73,100,2.74,PG,1713776997
518,kathu,7.9178,98.3332,32.9,72,39,5.21,TH,1713777008
519,prince albert,53.2001,-105.7677,3.56,91,21,2.35,CA,1713777018
520,oranjemund,-28.55,16.4333,20.0,63,82,2.44,NA,1713777009
521,sernur,56.9333,49.1536,18.48,60,100,6.72,RU,1713777049
522,usogorsk,63.4106,48.6872,-3.52,96,100,4.73,RU,1713777060
523,bodden town,19.2833,-81.25,24.44,86,0,4.64,KY,1713777070
524,nogliki,51.8333,143.1667,0.19,97,59,4.47,RU,1713777080
525,puerto san jose,13.9256,-90.8244,27.57,78,7,1.3,GT,1713777091
526,dammam,26.4344,50.1033,37.08,24,0,7.2,SA,1713777029
527,walvis bay,-22.9575,14.5053,27.7,37,0,4.51,NA,1713777111
528,mazagao,-0.115,-51.2894,25.03,99,100,0.3,BR,1713777121
529,lata,40.1629,-8.3327,18.93,37,40,3.66,PT,1713777132
530,al jawf,29.5,38.75,26.03,15,0,2.85,SA,1713777142
531,myanaung,18.2833,95.3167,43.35,17,3,0.81,MM,1713777162
532,fukuecho,32.6881,128.8419,17.2,94,75,4.12,JP,1713777173
533,al kut,32.5147,45.819,30.36,23,100,2.76,IQ,1713776917
534,kisangani,0.5167,25.2,34.36,43,35,1.08,CD,1713777193
535,lewistown,40.5992,-77.5714,2.01,84,0,0.0,US,1713777204
536,san luis de la loma,17.2706,-100.8939,23.93,61,0,0.57,MX,1713777214
537,kavaratti,10.5669,72.642,30.28,70,20,2.2,IN,1713777224
538,gamboma,-1.8764,15.8644,32.7,52,66,2.35,CG,1713777234
539,contamana,-7.3333,-75.0167,22.75,95,81,0.1,PE,1713777245
540,tirano,46.2154,10.1679,11.14,54,100,1.44,IT,1713777214
541,kamloops,50.6665,-120.3192,6.55,61,75,0.0,CA,1713777265
542,maceio,-9.6658,-35.7353,25.69,94,0,1.54,BR,1713777032
543,ginir,7.1333,40.7,22.43,59,95,3.3,ET,1713777285
544,tynda,55.1667,124.7167,-2.88,99,100,3.54,RU,1713777113
545,ngaoundere,7.3167,13.5833,29.23,42,91,1.93,CM,1713777306
546,huilong,31.8111,121.655,15.48,82,100,3.28,CN,1713777316
547,wabag,-5.4781,143.7021,14.58,99,95,0.52,PG,1713777326
548,barra do bugres,-15.0725,-57.1811,22.36,97,88,1.81,BR,1713777337
549,ratnagiri,16.9833,73.3,31.68,58,4,7.37,IN,1713777347
550,luanda,-8.8368,13.2343,28.33,78,100,2.11,AO,1713777357
551,strezhevoy,60.7333,77.5889,-3.91,90,100,4.92,RU,1713777367
552,karratha,-20.7377,116.8463,28.21,39,0,5.58,AU,1713777378
553,minas de marcona,-15.2119,-75.1103,16.27,89,54,2.91,PE,1713777346
554,champerico,14.3,-91.9167,27.96,78,7,1.87,GT,1713777398
555,bayan,46.0833,127.4,20.77,40,79,5.34,CN,1713777408
556,mossel bay,-34.1831,22.146,21.96,71,0,3.97,ZA,1713777419
557,petrolina,-9.3986,-40.5008,25.03,88,75,1.54,BR,1713777429
558,nassau,40.7507,-73.5829,7.66,62,0,3.09,US,1713777439
559,kiffa,16.6166,-11.4045,32.17,16,67,3.95,MR,1713777449
560,tshikapa,-6.4167,20.8,30.02,61,26,2.03,CD,1713777460
561,boa vista,2.8197,-60.6733,24.99,88,75,1.54,BR,1713777292
562,vorgashor,67.5833,63.95,-10.51,86,100,5.45,RU,1713777275
563,bellefonte,40.9134,-77.7783,1.27,80,0,3.09,US,1713777491
564,longonjo,-12.9067,15.2533,25.71,43,9,2.81,AO,1713777501
565,nchelenge,-9.3451,28.734,26.73,60,35,1.35,ZM,1713777511
566,balnearia,-31.0088,-62.6673,19.47,97,100,2.4,AR,1713777521
567,murray bridge,-35.1167,139.2667,17.14,36,0,1.44,AU,1713777531
568,oriximina,-1.7656,-55.8661,22.98,97,100,0.59,BR,1713777542
569,kodinar,20.7903,70.7031,32.58,41,11,8.21,IN,1713777552
570,lamia,38.9,22.4333,18.5,63,100,2.24,GR,1713777562
571,najran,17.4924,44.1277,32.36,28,28,4.93,SA,1713777573
572,tuma,55.148,40.5537,17.36,63,100,5.49,RU,1713777584
573,bebedja,8.6761,16.566,35.54,33,82,4.21,TD,1713777594
574,zeya,53.75,127.2667,13.05,64,97,5.66,RU,1713777605
575,coari,-4.085,-63.1414,23.11,98,100,0.51,BR,1713777615
576,khombole,14.7667,-16.7,22.45,64,98,4.8,SN,1713777625
577,dakhla,23.6848,-15.958,19.01,72,17,9.26,EH,1713777636
578,hengchun,22.0042,120.7439,28.23,72,56,4.3,TW,1713777149
579,kolonia,50.9333,6.95,9.12,57,40,1.03,DE,1713777402
580,luorong,24.4058,109.6086,26.34,73,97,0.5,CN,1713777666
581,kurchum,48.5722,83.6542,20.66,31,0,5.6,KZ,1713777677
582,toulepleu guere,6.574,-8.4259,26.12,82,99,0.97,CI,1713777687
583,south hedland,-20.4089,118.5983,27.96,51,2,5.66,AU,1713777697
584,stornoway,58.2093,-6.3865,10.98,90,40,5.66,GB,1713777707
585,bac lieu,9.285,105.7244,31.64,55,100,4.51,VN,1713777630
